userName,movieTitle,userRating
eva46XX,The Shadow of Vanishing Dream,1.6
bob10edge,The Abyss of Silent Echo II,8.7
jack47prime,The Serpent of Broken Code III,0.1
jack47prime,Shattered Canvas IV,3.6
mia24soul,Lost Frozen Horizon V,5.7
jack33love,Final Lost Motion VI,5.1
jack33love,Secret Shadowed Odyssey VII,7.8
eva46XX,Last Canvas,1.8
mila32edge,Storm: Lost Memory II,2.1
jack33love,Broken Mirage III,3.1
eva46XX,Crimson Reflection IV,5.5
eva46XX,Midnight Hidden Whisper V,5.8
bob10edge,The Reflection of Silent Motion VI,8.9
mila32edge,The Night of Forgotten Sanctum VII,0.4
zoe37flash,Neon Canvas,5.5
zoe37flash,The Ritual of Hidden Storm II,7.1
jack47prime,Eclipse: Dark Memory III,0.2
zoe37flash,Neon Shattered Reflection IV,6.8
tina38shift,Forgotten Secret Shadow V,9.2
bob10edge,Vanishing Horizon VI,5.5
luna99void,Vanishing Last Dream VII,6.9
tina38shift,The Odyssey of Shadowed Dream,2.3
luna99void,Broken Silent Dream II,2.8
bob10edge,Crimson Whirlpool III,9.7
zoe37flash,First Memory IV,2.8
mila32edge,Forgotten First Horizon V,2.5
mia24soul,Crimson Final Memory VI,5.7
zoe37flash,Eternal First City VII,0.5
mila11king,Mirage: Lost City,0.0
jack47prime,Mirage: Shattered Eclipse II,4.7
jack33love,The Mirage of Crimson Empire III,6.9
mila32edge,Ritual: Hidden Whirlpool IV,7.0
eva46XX,Neon Last Night V,3.8
eva46XX,Horizon: Golden Promise VI,9.4
mila11king,Shadowed Vanishing Legend VII,9.0
tina38shift,The Code of First Whirlpool,2.7
luna99void,Hidden Dream II,5.1
eva46XX,The Legacy of Final Storm III,8.9
bob10edge,Echo: Frozen Dream IV,0.0
zoe37flash,The Eclipse of Crimson Whisper V,2.4
jack47prime,Silent Frozen Canvas VI,0.8
tina38shift,The Canvas of Midnight Ritual VII,6.0
bob10edge,The Signal of Eternal Night,0.8
mila32edge,Dark Dark Night II,8.7
tina38shift,Frozen Sanctum III,7.7
tina38shift,The Motion of Hidden Canvas IV,6.4
luna99void,Neon Shattered Legend V,9.1
bob10edge,The Ritual of Lost Night VI,3.8
jack33love,The Legacy of Vanishing Ritual VII,1.6
zoe37flash,Silent Phantom,1.7
zoe37flash,Lost Horizon II,6.1
mila11king,Dark Shadowed Reflection III,3.5
tina38shift,Shattered Echo IV,8.5
mia24soul,Crimson Lost Abyss V,2.5
bob10edge,Mirage: Dark Phantom VI,3.9
luna99void,First Neon Phantom VII,8.1
zoe37flash,Secret Frozen Eclipse,5.0
jack33love,Final Dark Shadow II,0.9
zoe37flash,Legacy: Lost Echo III,0.2
jack33love,The Whisper of Secret Sanctum IV,6.0
jack33love,The Journey of Hidden Journey V,2.1
jack33love,Crimson Vanishing Serpent VI,3.0
mia24soul,Echo: Silent Code VII,5.5
mia24soul,The Promise of Dark Storm,8.8
jack47prime,Motion: Neon Legend II,7.2
luna99void,Burning Shadow III,5.9
zoe37flash,Final Empire IV,6.1
tina38shift,Silent Burning Odyssey V,3.8
tina38shift,The Abyss of Frozen Ritual VI,5.2
bob10edge,Legacy: Hidden Whirlpool VII,1.2
mila32edge,Whirlpool: Eternal Memory,8.0
eva46XX,First Golden Legend II,5.7
eva46XX,Memory: Golden Reflection III,4.6
jack47prime,Vanishing Mirage IV,9.1
eva46XX,Odyssey: Shattered Signal V,5.8
jack47prime,Secret Lost Promise VI,1.1
mila11king,Crimson Silent City VII,4.4
eva46XX,The Motion of Hidden Shadow,3.9
tina38shift,Golden Sanctum II,8.0
zoe37flash,The Mirage of First Phantom III,5.6
jack47prime,Horizon: Secret Requiem IV,8.9
bob10edge,Canvas: Golden Mirage V,1.8
jack47prime,Voyage: Shadowed Abyss VI,6.7
mia24soul,The Whisper of Last Shadow VII,7.7
bob10edge,The Ritual of Frozen Motion,5.7
zoe37flash,Whisper: Vanishing Night II,4.0
eva46XX,The Horizon of Midnight Ritual III,9.2
jack33love,The Eclipse of Shadowed Signal IV,8.6
jack33love,Horizon: Neon Horizon V,5.0
mia24soul,Burning Broken Night VI,6.6
mia24soul,Whirlpool: Last Sanctum VII,9.9
jack33love,The Eclipse of Frozen Eclipse,6.5
luna99void,Frozen Serpent II,1.9
jack33love,Final Crimson Voyage III,7.9
mia24soul,Hidden Legend IV,5.2
jack33love,Burning Frozen Horizon V,4.7
zoe37flash,Horizon: Hidden Legacy VI,4.1
mila32edge,The Abyss of Burning Legacy VII,3.0
luna99void,Frozen Hidden Legend,3.1
mila11king,Empire: Burning Phantom II,4.8
mila32edge,Signal: First Promise III,7.3
mila11king,Golden Lost Horizon IV,6.2
bob10edge,The Mirage of Forgotten Code V,9.0
jack33love,Golden Final Journey VI,7.3
luna99void,Promise: Last Memory VII,2.7
jack33love,Legend: Neon Voyage,2.5
luna99void,Crimson Night II,5.2
zoe37flash,First Promise III,9.1
mia24soul,Secret Crimson Abyss IV,1.1
jack33love,Neon Echo V,6.0
luna99void,Silent Burning Reflection VI,8.2
zoe37flash,Code: Lost Reflection VII,8.5
zoe37flash,Horizon: Last Requiem,3.8
mia24soul,The Ritual of Secret Mirage II,1.7
luna99void,Forgotten Promise III,0.6
eva46XX,Crimson Forgotten Code IV,4.0
jack33love,First Odyssey V,8.0
bob10edge,Burning Lost Ritual VI,5.7
eva46XX,Abyss: Golden Dream VII,1.3
zoe37flash,The Whirlpool of Shattered Serpent,6.0
mila32edge,Lost Final Dream II,6.2
mila11king,Neon Signal III,2.2
zoe37flash,Forgotten Eternal Night IV,7.3
eva46XX,The Phantom of Silent Journey V,5.4
mila32edge,The Mirage of Broken Sanctum VI,1.7
mila11king,Midnight Golden Requiem VII,7.2
jack33love,First Midnight Dream,10.0
zoe37flash,First Secret Memory II,1.3
eva46XX,Empire: Crimson Legacy III,6.7
luna99void,Shattered Dark Whisper IV,3.1
jack47prime,The Legend of Shattered Code V,8.4
tina38shift,The Legend of Last Reflection VI,9.4
bob10edge,Hidden Final Mirage VII,9.9
luna99void,Memory: Hidden Legend,7.0
jack33love,Odyssey: Golden Mirage II,4.4
mila11king,The Promise of Final Whirlpool III,5.2
bob10edge,The Mirage of Vanishing Whirlpool IV,2.3
jack33love,Phantom: Shadowed Odyssey V,1.1
bob10edge,The Whirlpool of Crimson Mirage VI,2.8
mila11king,The Canvas of Final Empire VII,6.9
jack33love,Reflection: Shattered Whisper,5.3
mia24soul,Final City II,1.4
eva46XX,The Whisper of First Whisper III,1.2
tina38shift,Mirage: Last Phantom IV,7.1
tina38shift,Odyssey: Last Storm V,2.4
mila11king,Empire: Crimson Whisper VI,2.7
eva46XX,Broken Legend VII,5.1
jack47prime,City: Silent Abyss,0.6
tina38shift,Midnight Eternal Code II,8.9
mia24soul,Legacy: Shattered Ritual III,8.3
luna99void,Burning Shadowed Eclipse IV,4.3
mila11king,Secret Secret Shadow V,9.7
luna99void,Lost Lost Memory VI,6.1
mila11king,Sanctum: Frozen Dream VII,8.7
mila11king,First Storm,6.2
eva46XX,Horizon: Burning Whirlpool II,4.2
luna99void,Neon Horizon III,7.6
tina38shift,The Signal of Midnight Storm IV,1.8
eva46XX,The Memory of Shadowed Horizon V,2.0
mila11king,Mirage: Hidden Voyage VI,6.0
mila32edge,Last Shadowed Reflection VII,8.1
jack47prime,Midnight Whirlpool,9.1
eva46XX,The Eclipse of Shattered Signal II,7.0
luna99void,Secret Promise III,4.8
mila11king,The Code of Neon Night IV,5.5
mila32edge,Phantom: Crimson Eclipse V,8.9
tina38shift,Dream: Crimson Promise VI,5.1
jack47prime,The Empire of Last Mirage VII,1.6
bob10edge,Golden Sanctum,9.9
eva46XX,Journey: Final Canvas II,7.1
tina38shift,The Whisper of Dark Requiem III,6.1
luna99void,Memory: Broken Legend IV,6.8
zoe37flash,Dark Legacy V,4.8
eva46XX,Broken Golden Signal VI,8.9
jack47prime,Dark Silent Abyss VII,2.8
bob10edge,Shadow: Vanishing Dream,5.3
bob10edge,The Requiem of Secret Legend II,9.0
zoe37flash,Secret Golden Horizon III,9.8
mila11king,Journey: Dark Odyssey IV,5.2
jack33love,Burning Vanishing Requiem V,0.8
jack47prime,Dark Phantom VI,3.1
bob10edge,Legacy: Hidden Canvas VII,7.1
bob10edge,Whisper: Lost Echo,0.1
tina38shift,Vanishing Dark Phantom II,3.0
luna99void,Secret Eternal Phantom III,6.1
bob10edge,Hidden Storm IV,8.7
eva46XX,Burning Storm V,2.9
zoe37flash,Silent Crimson Reflection VI,5.4
luna99void,The Legacy of Shattered Legacy VII,1.7
mila11king,The Whirlpool of Dark Canvas,5.6
mila11king,Shattered Golden Odyssey II,6.3
bob10edge,The Legacy of Lost Echo III,8.1
tina38shift,Dark Final Memory IV,1.7
jack47prime,Vanishing Golden Horizon V,3.3
mila32edge,Neon Eternal Whirlpool VI,1.6
zoe37flash,The Mirage of Neon Eclipse VII,8.3
mila32edge,The Mirage of Silent Whirlpool,4.1
eva46XX,Dark Burning Night II,1.3
jack33love,Dark Silent Abyss III,2.1
jack33love,The Abyss of Forgotten Legend IV,0.6
jack33love,Secret Canvas V,5.1
tina38shift,Lost Horizon VI,3.6
jack33love,Last Dark Shadow VII,0.3
mila11king,Secret Golden Storm,5.7
tina38shift,Dark Hidden Horizon II,1.2
jack47prime,Canvas: Burning Shadow III,0.6
eva46XX,The Sanctum of Final Sanctum IV,7.7
jack33love,Legacy: Silent Motion V,2.0
tina38shift,The Empire of Secret Horizon VI,4.1
tina38shift,The Odyssey of Hidden Memory VII,8.4
bob10edge,Eternal Reflection,8.5
mila11king,Dark Broken Serpent II,6.7
zoe37flash,Midnight Shadowed Night III,6.7
mila11king,Burning Storm IV,2.9
tina38shift,The Journey of Vanishing Horizon V,5.7
zoe37flash,Forgotten Memory VI,4.5
bob10edge,Golden Serpent VII,5.6
zoe37flash,Storm: Dark Legend,9.3
bob10edge,Frozen Crimson Whirlpool II,0.4
luna99void,Shadowed Dark Horizon III,7.2
tina38shift,Journey: Shattered Phantom IV,9.4
luna99void,Golden Hidden Serpent V,3.2
mia24soul,Voyage: Forgotten Code VI,8.4
jack47prime,Shadow: Dark Phantom VII,2.7
mila11king,Eternal Promise,6.6
mia24soul,Final Night II,3.3
tina38shift,Legacy: Golden Ritual III,6.1
mia24soul,Final Legend IV,9.9
jack33love,The Code of Shadowed Promise V,6.0
jack33love,Eternal Promise VI,8.1
mia24soul,Hidden Legend VII,2.9
eva46XX,Memory: Shattered Abyss,2.3
mila32edge,The Dream of First Dream II,8.1
mila11king,First Silent Legend III,4.2
eva46XX,Eclipse: Last Empire IV,7.0
eva46XX,The Horizon of Shattered Journey V,4.1
eva46XX,The Journey of Frozen Legend VI,1.8
zoe37flash,Lost Storm VII,3.5
bob10edge,Eternal Abyss,2.4
tina38shift,Whirlpool: Shadowed Reflection II,7.7
mila32edge,Final Dark Storm III,8.9
luna99void,Burning First Motion IV,0.3
eva46XX,Last Broken Memory V,1.2
tina38shift,Vanishing Empire VI,6.8
tina38shift,The City of Forgotten Phantom VII,4.1
mia24soul,Legacy: Midnight Serpent,0.0
jack33love,Final Storm II,5.7
mila11king,First Shadowed Code III,1.1
tina38shift,The Mirage of Crimson Reflection IV,5.2
bob10edge,Secret Code V,4.6
luna99void,Signal: Midnight Journey VI,7.4
mia24soul,Broken Sanctum VII,8.0
mia24soul,The Eclipse of Crimson Serpent,9.4
zoe37flash,Dream: Last Legacy II,4.5
mila32edge,Memory: Vanishing Journey III,7.1
eva46XX,Silent Storm IV,9.4
jack33love,Final Signal V,7.2
luna99void,Canvas: Hidden Dream VI,4.8
jack33love,Burning Requiem VII,2.5
bob10edge,The Storm of Shattered Odyssey,2.0
mila11king,The City of Forgotten Eclipse II,3.4
luna99void,Lost Lost Memory III,7.5
eva46XX,The Legend of Dark Voyage IV,1.1
mila32edge,The Dream of Broken Eclipse V,0.8
jack33love,Final Golden Dream VI,8.0
tina38shift,Odyssey: Lost Eclipse VII,9.1
jack33love,Burning Legend,7.2
mila11king,Broken Eclipse II,2.2
zoe37flash,Lost Voyage III,7.4
jack33love,Lost Signal IV,1.8
jack33love,Dream: Last Night V,3.3
mila11king,Secret Night VI,2.7
luna99void,Whisper: Dark Empire VII,6.9
mia24soul,Forgotten Hidden Memory,6.3
luna99void,Golden Code II,5.0
mila11king,The Phantom of Last Motion III,2.1
luna99void,The Dream of Lost Legend IV,1.5
jack33love,The Shadow of Final Reflection V,3.8
zoe37flash,Crimson Legacy VI,2.6
bob10edge,The Ritual of First Empire VII,8.1
zoe37flash,The City of Secret Eclipse,3.4
eva46XX,Golden Frozen Night II,3.9
zoe37flash,Secret Eternal Serpent III,5.1
mia24soul,The Echo of Golden Sanctum IV,5.5
jack47prime,Horizon: Crimson Memory V,6.8
mia24soul,Eternal Shadow VI,1.6
mila32edge,Empire: First Storm VII,1.4
bob10edge,Crimson Mirage,8.8
bob10edge,Neon First City II,9.1
mila11king,The Sanctum of Final Signal III,3.0
eva46XX,Hidden Dark Storm IV,4.6
tina38shift,Storm: Shattered Horizon V,7.9
mia24soul,Echo: Burning Ritual VI,1.8
luna99void,Ritual: Broken Storm VII,6.6
luna99void,Golden Secret Legend,0.3
zoe37flash,Sanctum: Shadowed Empire II,2.5
mila32edge,Neon Whisper III,8.8
zoe37flash,The Whirlpool of Burning Memory IV,9.9
zoe37flash,Silent Eclipse V,1.0
zoe37flash,The Reflection of Broken Whirlpool VI,6.5
luna99void,Silent Eternal Whirlpool VII,1.3
jack33love,Last Frozen Motion,6.2
tina38shift,Code: Lost Whirlpool II,2.2
tina38shift,Sanctum: Vanishing Memory III,9.5
luna99void,The Dream of Frozen Echo IV,3.6
tina38shift,Golden Crimson Sanctum V,1.5
eva46XX,The Legend of Dark Canvas VI,9.6
mia24soul,Burning Night VII,1.1
jack33love,Shadowed Frozen Abyss,2.9
mia24soul,Last Sanctum II,3.5
jack47prime,Forgotten Sanctum III,9.5
luna99void,Journey: First Ritual IV,2.1
jack47prime,Promise: Neon Empire V,1.4
bob10edge,Last Signal VI,8.3
mila11king,Broken Golden Odyssey VII,5.6
eva46XX,First Golden Mirage,9.0
mia24soul,The City of Lost Mirage II,4.1
tina38shift,Final Eternal Empire III,1.9
eva46XX,Broken Mirage IV,6.2
bob10edge,Burning Legacy V,4.9
mia24soul,The Promise of First Mirage VI,0.1
zoe37flash,Frozen Golden Serpent VII,6.2
tina38shift,Canvas: Eternal Whirlpool,6.6
mia24soul,Serpent: Secret Sanctum II,5.3
tina38shift,The Serpent of Vanishing Whirlpool III,7.3
eva46XX,Shadowed Motion IV,9.2
tina38shift,Neon Whirlpool V,9.7
tina38shift,Golden Crimson Promise VI,5.4
jack33love,The Legend of Shadowed Promise VII,4.3
mila11king,Odyssey: Last Dream,2.8
mila32edge,Dream: Shadowed Journey II,2.5
jack47prime,Frozen Silent Eclipse III,1.8
luna99void,Eternal Motion IV,6.7
tina38shift,Burning Horizon V,3.5
bob10edge,Signal: First Voyage VI,3.4
jack47prime,First Legacy VII,1.1
bob10edge,Eternal Eternal Whisper,0.9
eva46XX,The City of Neon Whirlpool II,6.8
jack33love,Secret Lost Reflection III,8.5
zoe37flash,Last Sanctum IV,9.5
bob10edge,Promise: Burning Ritual V,1.3
mila11king,Vanishing Midnight Ritual VI,8.7
eva46XX,Dark Forgotten Whirlpool VII,6.0
eva46XX,The Journey of Golden Canvas,5.9
mia24soul,Broken Eternal Odyssey II,3.8
tina38shift,The Memory of Golden Horizon III,3.7
mia24soul,The Reflection of Eternal Serpent IV,5.1
mia24soul,Voyage: Golden Phantom V,9.8
eva46XX,Final Last Canvas VI,2.7
mila32edge,Burning Dark Abyss VII,0.6
jack33love,Odyssey: Eternal Journey,4.0
mila32edge,First Canvas II,2.6
jack47prime,Final Frozen Memory III,4.9
luna99void,Last Neon Dream IV,2.3
mila32edge,Midnight Voyage V,4.8
eva46XX,The Ritual of Golden Journey VI,0.7
mia24soul,Memory: Broken Phantom VII,0.0
tina38shift,Legend: Secret City,3.3
bob10edge,The Horizon of Midnight Mirage II,3.6
bob10edge,The Legacy of Frozen Phantom III,5.6
mia24soul,Lost Serpent IV,0.4
bob10edge,Forgotten Voyage V,1.0
eva46XX,Mirage: First Journey VI,1.9
tina38shift,Hidden Whirlpool VII,4.7
jack33love,Mirage: Hidden Abyss,9.7
zoe37flash,Eternal Canvas II,5.0
mila11king,Silent Vanishing Whisper III,1.6
bob10edge,Memory: Last Promise IV,5.7
zoe37flash,Dark Last Legacy V,2.2
mila11king,Shadowed Last Whirlpool VI,4.3
mia24soul,Signal: Shadowed Requiem VII,9.8
bob10edge,Neon Abyss,4.6
tina38shift,Golden Hidden Memory II,1.5
luna99void,Requiem: Final Motion III,8.8
luna99void,First Hidden Voyage IV,5.6
mia24soul,Dark Night V,0.6
bob10edge,Golden Hidden Legacy VI,8.8
mia24soul,Hidden Midnight Phantom VII,1.4
mia24soul,Shadowed Lost Whirlpool,4.8
eva46XX,Lost Horizon II,3.3
jack47prime,Frozen Ritual III,1.8
jack47prime,The Sanctum of Eternal Ritual IV,5.4
mila32edge,Reflection: Final Promise V,1.8
zoe37flash,Golden Neon Horizon VI,2.0
tina38shift,Vanishing Frozen Odyssey VII,4.2
jack33love,The Empire of Broken Empire,0.1
jack47prime,The Code of First Whirlpool II,9.2
tina38shift,Neon Dark Phantom III,1.5
zoe37flash,The Sanctum of Lost Dream IV,6.8
luna99void,The Memory of Broken Abyss V,1.7
luna99void,Signal: Forgotten Motion VI,5.0
eva46XX,Dark Golden Mirage VII,4.2
tina38shift,The Phantom of Eternal Requiem,8.6
jack33love,Crimson Motion II,6.9
bob10edge,Signal: Vanishing Legend III,3.1
zoe37flash,Requiem: Silent Legacy IV,8.3
jack47prime,Forgotten Silent Dream V,5.2
luna99void,Golden Mirage VI,0.3
zoe37flash,The Serpent of Broken Odyssey VII,0.3
jack33love,The Empire of Vanishing Odyssey,7.3
luna99void,Eclipse: Silent Requiem II,4.3
eva46XX,The Promise of Broken Legend III,3.8
tina38shift,Silent Frozen Legacy IV,4.0
mila11king,Final Midnight Night V,1.9
zoe37flash,Odyssey: Dark Horizon VI,5.0
jack47prime,Last Eternal Horizon VII,6.9
jack47prime,Shattered Silent Legacy,5.0
luna99void,Mirage: Shadowed Odyssey II,3.2
zoe37flash,The City of Shadowed Reflection III,5.4
eva46XX,The Shadow of Eternal Voyage IV,0.3
eva46XX,Silent Broken Legend V,5.6
jack47prime,The Code of Shattered Storm VI,6.9
jack33love,Shadowed Burning Eclipse VII,4.3
bob10edge,Empire: Broken Empire,4.4
jack47prime,Forgotten Requiem II,6.2
eva46XX,City: Neon Requiem III,7.5
bob10edge,Shattered Dream IV,5.4
mila11king,Eclipse: Last Night V,0.8
eva46XX,Forgotten Eclipse VI,9.4
tina38shift,Secret Golden Requiem VII,4.9
jack47prime,Forgotten Mirage,9.5
eva46XX,Shadowed Memory II,9.9
zoe37flash,The Promise of Last Legend III,8.6
mia24soul,Phantom: Silent City IV,7.0
tina38shift,Voyage: Hidden Abyss V,4.5
zoe37flash,Midnight Shattered City VI,1.0
jack47prime,Silent Broken Dream VII,3.1
mila32edge,The Motion of Secret Ritual,7.0
mila32edge,The Mirage of Hidden Voyage II,4.4
mila11king,Ritual: First Reflection III,8.1
luna99void,Crimson Golden Odyssey IV,3.1
mila11king,The Abyss of Silent Whirlpool V,5.7
mia24soul,Journey: Lost Mirage VI,1.4
eva46XX,The Promise of First Legend VII,3.6
mila11king,Storm: Neon Canvas,0.3
zoe37flash,Signal: Broken Sanctum II,2.1
mila32edge,Dark Whisper III,9.1
mia24soul,The Phantom of Hidden Dream IV,1.0
mila32edge,Burning Forgotten Mirage V,2.9
luna99void,Burning Canvas VI,4.8
mila32edge,Mirage: Shadowed Sanctum VII,8.4
zoe37flash,Forgotten Frozen Requiem,9.0
mila32edge,The Memory of Burning Canvas II,4.1
luna99void,Journey: Midnight City III,4.6
mila11king,Legacy: Hidden Night IV,5.7
bob10edge,Shadowed Final Code V,8.7
mia24soul,The Odyssey of Frozen Code VI,3.9
tina38shift,The Journey of First Phantom VII,3.8
jack47prime,Mirage: Silent Legacy,5.6
jack33love,The Reflection of Forgotten Mirage II,8.5
eva46XX,The Whirlpool of Secret Code III,8.7
jack47prime,Eclipse: Neon Night IV,3.6
mila32edge,The Reflection of Forgotten Shadow V,7.8
mila11king,The Motion of Vanishing Legend VI,9.9
mila32edge,Dark Shadow VII,0.0
eva46XX,The Code of Shadowed Requiem,5.0
mila11king,The Horizon of Final Legacy II,2.2
mila11king,The Serpent of Eternal Memory III,8.0
jack33love,The Abyss of Last Code IV,1.5
jack33love,Journey: Frozen Legend V,1.6
eva46XX,Legend: Golden Serpent VI,4.9
mila11king,Abyss: Crimson Code VII,8.1
tina38shift,Burning Signal,0.3
mia24soul,The City of Crimson Code II,3.6
mila11king,Odyssey: Secret Night III,5.4
mila32edge,Night: Hidden Reflection IV,1.1
jack47prime,Midnight Dark Legacy V,1.6
mia24soul,Eclipse: Golden Voyage VI,5.5
bob10edge,Broken Hidden Odyssey VII,3.4
tina38shift,The Memory of Last Legend,4.5
bob10edge,The Horizon of Eternal Phantom II,7.8
jack47prime,Shattered Hidden Echo III,9.0
bob10edge,Eternal Odyssey IV,3.1
mila32edge,First Forgotten Signal V,6.4
tina38shift,The Legacy of Golden Echo VI,2.5
bob10edge,Shadowed Neon Sanctum VII,5.1
mia24soul,Serpent: Last Requiem,0.1
luna99void,Ritual: Forgotten Storm II,0.9
zoe37flash,Shadowed Promise III,4.0
mila32edge,Journey: Shadowed Phantom IV,2.4
mila32edge,Crimson Silent Motion V,7.4
mila32edge,Storm: Forgotten Horizon VI,9.5
zoe37flash,Golden Shattered Eclipse VII,0.6
eva46XX,Golden Silent Canvas,2.3
mia24soul,Broken Frozen Reflection II,8.8
mia24soul,The Shadow of Broken Legend III,0.8
tina38shift,Last Shattered Requiem IV,9.5
mila11king,Empire: Crimson Shadow V,0.2
bob10edge,The Dream of Midnight Mirage VI,2.5
jack47prime,Neon Forgotten City VII,4.3
mila32edge,The Sanctum of Hidden Signal,0.6
mila11king,Broken Reflection II,10.0
mia24soul,Crimson Golden Abyss III,8.5
eva46XX,Horizon: Frozen Voyage IV,1.0
mia24soul,First Horizon V,4.8
zoe37flash,Shattered Journey VI,3.3
jack47prime,Sanctum: Vanishing Voyage VII,5.9
luna99void,City: Eternal Memory,8.2
mia24soul,First Final Legacy II,2.2
mila32edge,Last Serpent III,2.4
