title,genre,year,totalRating,ratingCount
Radiant Radiant Journey 1,Horror,1891,0,0
First Bleak Serpent 2,Horror,1962,0,0
Sacred Vanishing Eclipse 3,Animation,1957,0,0
Last Raging Voyage 4,Action,1888,0,0
Hollow Journey 5,Comedy,1999,0,0
Legend: Forgotten Abyss 6,Thriller,1936,0,0
Crimson Memory 7,Romance,1954,0,0
Canvas: Hollow Reflection 8,Adventure,1979,0,0
The Whisper of Sacred Promise 9,Thriller,1913,0,0
Frozen Dark Serpent 10,Drama,1931,0,0
Silver Dream 11,Action,1916,0,0
The Voyage of Bleak Storm 12,Horror,1988,0,0
Shattered Desolate Night 13,Romance,1966,0,0
Golden Shattered Voyage 14,Romance,1982,0,0
The Eclipse of First Empire 15,Action,1920,0,0
Hidden Abyss 16,Romance,1933,0,0
Canvas: Distant City 17,Noir,1976,0,0
Distant Radiant Ritual 18,Animation,2019,0,0
Hidden Secret Phantom 19,Noir,2019,0,0
Desolate Serpent 20,Adventure,1890,0,0
Whirlpool: Burning Whisper 21,Horror,1949,0,0
Odyssey: Last Whirlpool 22,Mystery,1966,0,0
Silent Cursed Odyssey 23,Mystery,2023,0,0
Bleak Radiant Phantom 24,Sci-Fi,1949,0,0
Odyssey: Cursed Ritual 25,Thriller,1936,0,0
Promise: Forgotten Abyss 26,Noir,1999,0,0
Last Burning City 27,Fantasy,1952,0,0
The Ritual of Golden City 28,Fantasy,1956,0,0
The Legend of Crimson Memory 29,Sci-Fi,1999,0,0
The Odyssey of Phantom Shadow 30,Mystery,1952,0,0
The Memory of Desolate Night 31,Comedy,2016,0,0
The Serpent of Silent Mirage 32,Mystery,1939,0,0
Shadowed Lost Code 33,Fantasy,1903,0,0
Neon Legend 34,Drama,1925,0,0
Forgotten Whirlpool 35,Horror,1900,0,0
Odyssey: Bleak Echo 36,Animation,1923,0,0
Burning Echo 37,Animation,2026,0,0
Phantom: Dark Motion 38,Drama,1891,0,0
The Phantom of Golden Ritual 39,Sci-Fi,2005,0,0
Radiant Neon Canvas 40,Fantasy,1904,0,0
The Requiem of Vanishing Voyage 41,Sci-Fi,1944,0,0
The Storm of Radiant Memory 42,Sci-Fi,1889,0,0
The Voyage of Hollow Legend 43,Drama,1914,0,0
The Promise of Crimson Legend 44,Fantasy,1944,0,0
Phantom: Silver Whisper 45,Animation,2023,0,0
Cursed Shattered Horizon 46,Drama,1984,0,0
The Serpent of Burning Odyssey 47,Noir,1985,0,0
The Signal of Frozen Empire 48,Romance,1923,0,0
Frozen Voyage 49,Drama,1901,0,0
Frozen City 50,Mystery,1994,0,0
Dark Phantom Memory 51,Noir,1974,0,0
Golden Reflection 52,Horror,1899,0,0
The Mirage of Secret Motion 53,Thriller,1901,0,0
The Requiem of Whispering Phantom 54,Mystery,1955,0,0
Motion: Frozen Voyage 55,Mystery,1968,0,0
Broken Mirage 56,Romance,1950,0,0
Requiem: Distant Dream 57,Comedy,1998,0,0
The Canvas of Silver Abyss 58,Action,2023,0,0
The Storm of Broken Whirlpool 59,Animation,1999,0,0
Dream: Radiant Promise 60,Romance,1910,0,0
Requiem: Silent Whisper 61,Horror,2000,0,0
Final Eclipse 62,Action,1914,0,0
Whispering Memory 63,Action,1929,0,0
The Odyssey of Distant Whirlpool 64,Mystery,1981,0,0
The Phantom of Eternal Whisper 65,Noir,1956,0,0
The Echo of Golden Canvas 66,Thriller,1930,0,0
Cursed Reflection 67,Noir,2007,0,0
Final Reflection 68,Comedy,1905,0,0
Crimson Shattered Empire 69,Romance,1920,0,0
Legacy: Midnight Legend 70,Sci-Fi,1893,0,0
Radiant Hollow Eclipse 71,Fantasy,2015,0,0
The Mirage of Shadowed Signal 72,Sci-Fi,1983,0,0
Forgotten Dream 73,Fantasy,1963,0,0
The Voyage of Bleak Legacy 74,Animation,1937,0,0
Horizon: Secret Horizon 75,Romance,1972,0,0
Desolate Midnight Whirlpool 76,Drama,1904,0,0
Broken Forgotten City 77,Romance,1991,0,0
Code: Forgotten Legend 78,Noir,1935,0,0
Radiant Abyss 79,Action,1893,0,0
Code: Broken Echo 80,Drama,1991,0,0
Signal: Hidden Motion 81,Action,1995,0,0
Shadow: Sacred Eclipse 82,Noir,1963,0,0
The Phantom of Neon Signal 83,Fantasy,1952,0,0
The Night of Vanishing Shadow 84,Horror,2005,0,0
Raging Legend 85,Mystery,1920,0,0
The Odyssey of Shadowed Serpent 86,Adventure,1980,0,0
Empire: Golden Storm 87,Comedy,1892,0,0
Final Whisper 88,Fantasy,1962,0,0
Cursed Serpent 89,Action,2005,0,0
Whirlpool: Shadowed Abyss 90,Action,1928,0,0
The Legacy of Raging Memory 91,Mystery,1916,0,0
Broken Hollow Signal 92,Adventure,1961,0,0
The Reflection of Silent Legend 93,Sci-Fi,1978,0,0
Burning Legend 94,Drama,1923,0,0
Lost Sanctum 95,Animation,1957,0,0
Distant Night 96,Action,1962,0,0
First Storm 97,Adventure,1969,0,0
Crimson Abyss 98,Mystery,1935,0,0
Burning Dark Code 99,Animation,1892,0,0
The Odyssey of Burning Phantom 100,Sci-Fi,1997,0,0
