userName,userEmail
sam97ace,sam97ace@example.com
iris84prime,iris84prime@example.com
leo99ace,leo99ace@example.com
noah36void,noah36void@example.com
jack38drift,jack38drift@example.com
zoe62best,zoe62best@example.com
luna35edge,luna35edge@example.com
ryan46shift,ryan46shift@example.com
luna60nova,luna60nova@example.com
zoe68pro,zoe68pro@example.com
eva51love,eva51love@example.com
ryan65pro,ryan65pro@example.com
ava20flare,ava20flare@example.com
kira94XX,kira94XX@example.com
nina52ace,nina52ace@example.com
luna57best,luna57best@example.com
josh51pro,josh51pro@example.com
mila49void,mila49void@example.com
luna76hero,luna76hero@example.com
alex70XX,alex70XX@example.com
finn67edge,finn67edge@example.com
eva48XX,eva48XX@example.com
jack38void,jack38void@example.com
finn84love,finn84love@example.com
luna59XX,luna59XX@example.com
alex55soul,alex55soul@example.com
kira29drift,kira29drift@example.com
jack82flash,jack82flash@example.com
alex79nova,alex79nova@example.com
ryan83ace,ryan83ace@example.com
ryan11XX,ryan11XX@example.com
mila92void,mila92void@example.com
jack29prime,jack29prime@example.com
ryan18love,ryan18love@example.com
nina25love,nina25love@example.com
tina99zone,tina99zone@example.com
bob38pro,bob38pro@example.com
zoe78soul,zoe78soul@example.com
kira10king,kira10king@example.com
noah39shift,noah39shift@example.com
max17edge,max17edge@example.com
leo37drift,leo37drift@example.com
nina79star,nina79star@example.com
ryan34hero,ryan34hero@example.com
luna88ice,luna88ice@example.com
leo28void,leo28void@example.com
josh78best,josh78best@example.com
josh20soul,josh20soul@example.com
eva90king,eva90king@example.com
mia13boss,mia13boss@example.com
mia61flash,mia61flash@example.com
mila10shift,mila10shift@example.com
ryan64edge,ryan64edge@example.com
jack90edge,jack90edge@example.com
tina57pro,tina57pro@example.com
mila61star,mila61star@example.com
mila51shift,mila51shift@example.com
eva72drift,eva72drift@example.com
josh38drift,josh38drift@example.com
max31ice,max31ice@example.com
alex12king,alex12king@example.com
josh34love,josh34love@example.com
leo41king,leo41king@example.com
max89prime,max89prime@example.com
luna66prime,luna66prime@example.com
nina87love,nina87love@example.com
ava96ice,ava96ice@example.com
bob76best,bob76best@example.com
eva70love,eva70love@example.com
josh48star,josh48star@example.com
bob50flare,bob50flare@example.com
mia24edge,mia24edge@example.com
mila56ace,mila56ace@example.com
bob75hero,bob75hero@example.com
ava80prime,ava80prime@example.com
zoe37ace,zoe37ace@example.com
iris32hero,iris32hero@example.com
josh75XX,josh75XX@example.com
luna13soul,luna13soul@example.com
noah34zone,noah34zone@example.com
zoe70love,zoe70love@example.com
iris58hero,iris58hero@example.com
bob56soul,bob56soul@example.com
alex40XX,alex40XX@example.com
alex52flash,alex52flash@example.com
bob80shift,bob80shift@example.com
josh42soul,josh42soul@example.com
josh84pro,josh84pro@example.com
kira60hero,kira60hero@example.com
zoe88void,zoe88void@example.com
leo19drift,leo19drift@example.com
luna23ice,luna23ice@example.com
jack99void,jack99void@example.com
alex18hero,alex18hero@example.com
nina23prime,nina23prime@example.com
alex49hero,alex49hero@example.com
mia83flare,mia83flare@example.com
bob10best,bob10best@example.com
leo77nova,leo77nova@example.com
mia89pro,mia89pro@example.com
ryan57flash,ryan57flash@example.com
leo39drift,leo39drift@example.com
bob14best,bob14best@example.com
mila73zone,mila73zone@example.com
eva65pro,eva65pro@example.com
sam42flare,sam42flare@example.com
finn23king,finn23king@example.com
finn37prime,finn37prime@example.com
alex91ace,alex91ace@example.com
iris79soul,iris79soul@example.com
ryan76shift,ryan76shift@example.com
sam64ice,sam64ice@example.com
tina97zone,tina97zone@example.com
kira85love,kira85love@example.com
finn47nova,finn47nova@example.com
ryan62flare,ryan62flare@example.com
bob72shift,bob72shift@example.com
kira77soul,kira77soul@example.com
ryan69ice,ryan69ice@example.com
max71love,max71love@example.com
mila46shift,mila46shift@example.com
nina39flash,nina39flash@example.com
jack51ice,jack51ice@example.com
mia18ice,mia18ice@example.com
jack63zone,jack63zone@example.com
eva97flash,eva97flash@example.com
nina49king,nina49king@example.com
josh87ace,josh87ace@example.com
leo73edge,leo73edge@example.com
max67ace,max67ace@example.com
nina92prime,nina92prime@example.com
zoe90ace,zoe90ace@example.com
jack94boss,jack94boss@example.com
josh97best,josh97best@example.com
iris57prime,iris57prime@example.com
alex94void,alex94void@example.com
bob12drift,bob12drift@example.com
ava23XX,ava23XX@example.com
leo20soul,leo20soul@example.com
eva59hero,eva59hero@example.com
leo88soul,leo88soul@example.com
mila83edge,mila83edge@example.com
sam57nova,sam57nova@example.com
noah55soul,noah55soul@example.com
mila88drift,mila88drift@example.com
ryan76edge,ryan76edge@example.com
luna82hero,luna82hero@example.com
kira69star,kira69star@example.com
noah97ice,noah97ice@example.com
nina44edge,nina44edge@example.com
alex41king,alex41king@example.com
jack57king,jack57king@example.com
tina19ice,tina19ice@example.com
bob43flash,bob43flash@example.com
ryan54prime,ryan54prime@example.com
alex52boss,alex52boss@example.com
mia13ace,mia13ace@example.com
bob21nova,bob21nova@example.com
mia12star,mia12star@example.com
eva69soul,eva69soul@example.com
bob61shift,bob61shift@example.com
josh14pro,josh14pro@example.com
noah67love,noah67love@example.com
alex84boss,alex84boss@example.com
kira20ace,kira20ace@example.com
tina65flash,tina65flash@example.com
alex91nova,alex91nova@example.com
mia84star,mia84star@example.com
mia37shift,mia37shift@example.com
max40nova,max40nova@example.com
josh58hero,josh58hero@example.com
nina50XX,nina50XX@example.com
mia52ice,mia52ice@example.com
jack54soul,jack54soul@example.com
tina62ace,tina62ace@example.com
alex86nova,alex86nova@example.com
luna97ice,luna97ice@example.com
ava15flare,ava15flare@example.com
mia85flare,mia85flare@example.com
zoe52star,zoe52star@example.com
sam70ice,sam70ice@example.com
eva22void,eva22void@example.com
leo35shift,leo35shift@example.com
zoe75drift,zoe75drift@example.com
alex72prime,alex72prime@example.com
ava62king,ava62king@example.com
jack36shift,jack36shift@example.com
mila72soul,mila72soul@example.com
tina41boss,tina41boss@example.com
josh96best,josh96best@example.com
sam43XX,sam43XX@example.com
alex60nova,alex60nova@example.com
finn83hero,finn83hero@example.com
max54prime,max54prime@example.com
kira65edge,kira65edge@example.com
leo86void,leo86void@example.com
sam34flare,sam34flare@example.com
kira48shift,kira48shift@example.com
tina45shift,tina45shift@example.com
kira76best,kira76best@example.com
noah24XX,noah24XX@example.com
ava15drift,ava15drift@example.com
finn60king,finn60king@example.com
leo23shift,leo23shift@example.com
noah43hero,noah43hero@example.com
eva98star,eva98star@example.com
eva20edge,eva20edge@example.com
ryan50love,ryan50love@example.com
max57love,max57love@example.com
eva48boss,eva48boss@example.com
ava19best,ava19best@example.com
max31king,max31king@example.com
ava29drift,ava29drift@example.com
max65zone,max65zone@example.com
bob62void,bob62void@example.com
bob31ice,bob31ice@example.com
iris16drift,iris16drift@example.com
eva96XX,eva96XX@example.com
kira69nova,kira69nova@example.com
mia51pro,mia51pro@example.com
zoe73love,zoe73love@example.com
mila24star,mila24star@example.com
sam78pro,sam78pro@example.com
ryan12ace,ryan12ace@example.com
jack52pro,jack52pro@example.com
ava40flash,ava40flash@example.com
tina92hero,tina92hero@example.com
ryan47prime,ryan47prime@example.com
tina82void,tina82void@example.com
finn14soul,finn14soul@example.com
mila52nova,mila52nova@example.com
kira69king,kira69king@example.com
luna83pro,luna83pro@example.com
tina47void,tina47void@example.com
eva51star,eva51star@example.com
sam30best,sam30best@example.com
alex71XX,alex71XX@example.com
josh44flare,josh44flare@example.com
eva90pro,eva90pro@example.com
finn78best,finn78best@example.com
mia90soul,mia90soul@example.com
mila86flare,mila86flare@example.com
finn67best,finn67best@example.com
ava35ice,ava35ice@example.com
zoe11ice,zoe11ice@example.com
ava31ace,ava31ace@example.com
finn14best,finn14best@example.com
max96edge,max96edge@example.com
mila39ice,mila39ice@example.com
ava80flare,ava80flare@example.com
nina86shift,nina86shift@example.com
iris23pro,iris23pro@example.com
leo39edge,leo39edge@example.com
alex17ice,alex17ice@example.com
luna24king,luna24king@example.com
ava46ace,ava46ace@example.com
iris12pro,iris12pro@example.com
josh43edge,josh43edge@example.com
ryan44flash,ryan44flash@example.com
bob11king,bob11king@example.com
max93best,max93best@example.com
iris37soul,iris37soul@example.com
tina67love,tina67love@example.com
finn20ice,finn20ice@example.com
leo12nova,leo12nova@example.com
bob54edge,bob54edge@example.com
finn30nova,finn30nova@example.com
nina47love,nina47love@example.com
noah41shift,noah41shift@example.com
leo85void,leo85void@example.com
zoe63star,zoe63star@example.com
bob82shift,bob82shift@example.com
iris55soul,iris55soul@example.com
iris41love,iris41love@example.com
eva47XX,eva47XX@example.com
mia14soul,mia14soul@example.com
finn60soul,finn60soul@example.com
tina34drift,tina34drift@example.com
mila16soul,mila16soul@example.com
sam85best,sam85best@example.com
ava63best,ava63best@example.com
finn54drift,finn54drift@example.com
luna87star,luna87star@example.com
nina64soul,nina64soul@example.com
alex77pro,alex77pro@example.com
sam85king,sam85king@example.com
alex31zone,alex31zone@example.com
mia97prime,mia97prime@example.com
bob97boss,bob97boss@example.com
jack37star,jack37star@example.com
finn98pro,finn98pro@example.com
mia17shift,mia17shift@example.com
max58star,max58star@example.com
finn52love,finn52love@example.com
zoe74prime,zoe74prime@example.com
mia39best,mia39best@example.com
zoe89best,zoe89best@example.com
tina75love,tina75love@example.com
mila29prime,mila29prime@example.com
ryan26shift,ryan26shift@example.com
alex82boss,alex82boss@example.com
eva40boss,eva40boss@example.com
jack75soul,jack75soul@example.com
luna50hero,luna50hero@example.com
kira46edge,kira46edge@example.com
jack93prime,jack93prime@example.com
sam34void,sam34void@example.com
kira21zone,kira21zone@example.com
zoe74nova,zoe74nova@example.com
mila75flash,mila75flash@example.com
tina28zone,tina28zone@example.com
luna74king,luna74king@example.com
max31zone,max31zone@example.com
zoe41drift,zoe41drift@example.com
ava71prime,ava71prime@example.com
nina18king,nina18king@example.com
max42void,max42void@example.com
josh46XX,josh46XX@example.com
max64zone,max64zone@example.com
mila14ice,mila14ice@example.com
mia69ace,mia69ace@example.com
leo53shift,leo53shift@example.com
mila64ice,mila64ice@example.com
eva94soul,eva94soul@example.com
leo91shift,leo91shift@example.com
tina68nova,tina68nova@example.com
ava33best,ava33best@example.com
nina93ice,nina93ice@example.com
alex82flash,alex82flash@example.com
ava91nova,ava91nova@example.com
jack21love,jack21love@example.com
bob95boss,bob95boss@example.com
zoe31prime,zoe31prime@example.com
zoe76pro,zoe76pro@example.com
mila58flare,mila58flare@example.com
josh35void,josh35void@example.com
sam37hero,sam37hero@example.com
finn23best,finn23best@example.com
leo58edge,leo58edge@example.com
iris44XX,iris44XX@example.com
nina85boss,nina85boss@example.com
finn26ace,finn26ace@example.com
max58best,max58best@example.com
ryan11soul,ryan11soul@example.com
kira77hero,kira77hero@example.com
sam31pro,sam31pro@example.com
bob20star,bob20star@example.com
max87love,max87love@example.com
kira44edge,kira44edge@example.com
leo78zone,leo78zone@example.com
bob99prime,bob99prime@example.com
kira79void,kira79void@example.com
luna79pro,luna79pro@example.com
ava86void,ava86void@example.com
alex76ice,alex76ice@example.com
finn66ice,finn66ice@example.com
tina20pro,tina20pro@example.com
ryan54ace,ryan54ace@example.com
luna75best,luna75best@example.com
bob69shift,bob69shift@example.com
eva51ace,eva51ace@example.com
kira95shift,kira95shift@example.com
mila75pro,mila75pro@example.com
tina58star,tina58star@example.com
kira12drift,kira12drift@example.com
josh50prime,josh50prime@example.com
ava67flash,ava67flash@example.com
max13flash,max13flash@example.com
mila31ice,mila31ice@example.com
sam19nova,sam19nova@example.com
josh47drift,josh47drift@example.com
sam29ice,sam29ice@example.com
alex97soul,alex97soul@example.com
leo73ace,leo73ace@example.com
ava47shift,ava47shift@example.com
bob41void,bob41void@example.com
eva90XX,eva90XX@example.com
max64XX,max64XX@example.com
jack86best,jack86best@example.com
finn54love,finn54love@example.com
luna51king,luna51king@example.com
luna47shift,luna47shift@example.com
sam88pro,sam88pro@example.com
alex52flare,alex52flare@example.com
mia52pro,mia52pro@example.com
ryan54zone,ryan54zone@example.com
ava89drift,ava89drift@example.com
alex86edge,alex86edge@example.com
ava25prime,ava25prime@example.com
eva39XX,eva39XX@example.com
iris46king,iris46king@example.com
tina92king,tina92king@example.com
alex88drift,alex88drift@example.com
tina19void,tina19void@example.com
alex19star,alex19star@example.com
kira67XX,kira67XX@example.com
noah53soul,noah53soul@example.com
ava54flash,ava54flash@example.com
josh84flare,josh84flare@example.com
kira54XX,kira54XX@example.com
ryan38best,ryan38best@example.com
max52star,max52star@example.com
noah57prime,noah57prime@example.com
max71XX,max71XX@example.com
alex58edge,alex58edge@example.com
josh49prime,josh49prime@example.com
noah76nova,noah76nova@example.com
eva24drift,eva24drift@example.com
noah46flare,noah46flare@example.com
bob21XX,bob21XX@example.com
jack62ace,jack62ace@example.com
josh94XX,josh94XX@example.com
ryan84love,ryan84love@example.com
alex55love,alex55love@example.com
iris83ice,iris83ice@example.com
noah89drift,noah89drift@example.com
tina31star,tina31star@example.com
bob46void,bob46void@example.com
luna33ice,luna33ice@example.com
jack96ace,jack96ace@example.com
alex72zone,alex72zone@example.com
josh91best,josh91best@example.com
jack52ace,jack52ace@example.com
noah16nova,noah16nova@example.com
kira82shift,kira82shift@example.com
nina50king,nina50king@example.com
nina45nova,nina45nova@example.com
eva64zone,eva64zone@example.com
bob30prime,bob30prime@example.com
jack83ice,jack83ice@example.com
leo84prime,leo84prime@example.com
mia98king,mia98king@example.com
jack68drift,jack68drift@example.com
ryan19zone,ryan19zone@example.com
ava84shift,ava84shift@example.com
mia60love,mia60love@example.com
ava18pro,ava18pro@example.com
alex88zone,alex88zone@example.com
sam68king,sam68king@example.com
bob41prime,bob41prime@example.com
mila24soul,mila24soul@example.com
kira26shift,kira26shift@example.com
iris93best,iris93best@example.com
ava75ace,ava75ace@example.com
ava15zone,ava15zone@example.com
zoe49ice,zoe49ice@example.com
bob11pro,bob11pro@example.com
noah33best,noah33best@example.com
noah32boss,noah32boss@example.com
nina66XX,nina66XX@example.com
leo90edge,leo90edge@example.com
noah87soul,noah87soul@example.com
mila40king,mila40king@example.com
max39hero,max39hero@example.com
max59shift,max59shift@example.com
mila51soul,mila51soul@example.com
mila85love,mila85love@example.com
eva41ice,eva41ice@example.com
mila29star,mila29star@example.com
bob28zone,bob28zone@example.com
alex99nova,alex99nova@example.com
noah27boss,noah27boss@example.com
zoe28best,zoe28best@example.com
alex11love,alex11love@example.com
bob63nova,bob63nova@example.com
mila24nova,mila24nova@example.com
luna38ice,luna38ice@example.com
iris10boss,iris10boss@example.com
jack20nova,jack20nova@example.com
zoe21void,zoe21void@example.com
zoe50best,zoe50best@example.com
eva41best,eva41best@example.com
sam84star,sam84star@example.com
eva92boss,eva92boss@example.com
mila84shift,mila84shift@example.com
max34boss,max34boss@example.com
zoe98zone,zoe98zone@example.com
max72pro,max72pro@example.com
noah71star,noah71star@example.com
eva61hero,eva61hero@example.com
jack99love,jack99love@example.com
josh42edge,josh42edge@example.com
finn42king,finn42king@example.com
tina13shift,tina13shift@example.com
jack82XX,jack82XX@example.com
bob84love,bob84love@example.com
josh82void,josh82void@example.com
luna63flash,luna63flash@example.com
bob23star,bob23star@example.com
jack41XX,jack41XX@example.com
zoe22nova,zoe22nova@example.com
sam20nova,sam20nova@example.com
iris47star,iris47star@example.com
max68void,max68void@example.com
josh54shift,josh54shift@example.com
leo66ice,leo66ice@example.com
nina14void,nina14void@example.com
finn93king,finn93king@example.com
max63hero,max63hero@example.com
sam10flare,sam10flare@example.com
luna27king,luna27king@example.com
luna43void,luna43void@example.com
nina58prime,nina58prime@example.com
nina97void,nina97void@example.com
bob60edge,bob60edge@example.com
mila25ice,mila25ice@example.com
eva43pro,eva43pro@example.com
sam90zone,sam90zone@example.com
max40soul,max40soul@example.com
josh65nova,josh65nova@example.com
ryan73best,ryan73best@example.com
kira32shift,kira32shift@example.com
jack18void,jack18void@example.com
bob25love,bob25love@example.com
kira19king,kira19king@example.com
zoe91love,zoe91love@example.com
josh40zone,josh40zone@example.com
ava38zone,ava38zone@example.com
ryan85prime,ryan85prime@example.com
ava27best,ava27best@example.com
mia36hero,mia36hero@example.com
finn19ace,finn19ace@example.com
bob32prime,bob32prime@example.com
leo60ice,leo60ice@example.com
leo42void,leo42void@example.com
eva98flare,eva98flare@example.com
ava30edge,ava30edge@example.com
finn62edge,finn62edge@example.com
tina41zone,tina41zone@example.com
ava15star,ava15star@example.com
josh84ice,josh84ice@example.com
finn92nova,finn92nova@example.com
finn50shift,finn50shift@example.com
josh30XX,josh30XX@example.com
luna47hero,luna47hero@example.com
finn88boss,finn88boss@example.com
eva76zone,eva76zone@example.com
josh53star,josh53star@example.com
zoe48star,zoe48star@example.com
noah26XX,noah26XX@example.com
nina26best,nina26best@example.com
noah29XX,noah29XX@example.com
ryan17shift,ryan17shift@example.com
bob46ice,bob46ice@example.com
ryan30nova,ryan30nova@example.com
eva65flash,eva65flash@example.com
ryan32void,ryan32void@example.com
iris34zone,iris34zone@example.com
sam19boss,sam19boss@example.com
max39edge,max39edge@example.com
mila37flare,mila37flare@example.com
jack47pro,jack47pro@example.com
finn59boss,finn59boss@example.com
josh91love,josh91love@example.com
ava57void,ava57void@example.com
leo19ace,leo19ace@example.com
kira78pro,kira78pro@example.com
mia10nova,mia10nova@example.com
ava45flash,ava45flash@example.com
ryan78void,ryan78void@example.com
leo25ace,leo25ace@example.com
noah27void,noah27void@example.com
josh86boss,josh86boss@example.com
nina32XX,nina32XX@example.com
kira18drift,kira18drift@example.com
tina69prime,tina69prime@example.com
iris24nova,iris24nova@example.com
bob79prime,bob79prime@example.com
max27hero,max27hero@example.com
tina81best,tina81best@example.com
jack31flare,jack31flare@example.com
max45prime,max45prime@example.com
finn30shift,finn30shift@example.com
leo30prime,leo30prime@example.com
leo37ice,leo37ice@example.com
alex73soul,alex73soul@example.com
mia97love,mia97love@example.com
luna23flash,luna23flash@example.com
josh38pro,josh38pro@example.com
kira10drift,kira10drift@example.com
iris87flash,iris87flash@example.com
max66zone,max66zone@example.com
iris69flash,iris69flash@example.com
ryan16love,ryan16love@example.com
eva12ace,eva12ace@example.com
iris53best,iris53best@example.com
nina82XX,nina82XX@example.com
zoe77shift,zoe77shift@example.com
jack80flash,jack80flash@example.com
bob28void,bob28void@example.com
mia65XX,mia65XX@example.com
eva20hero,eva20hero@example.com
luna23pro,luna23pro@example.com
noah29ice,noah29ice@example.com
sam77zone,sam77zone@example.com
alex25XX,alex25XX@example.com
finn17best,finn17best@example.com
kira66drift,kira66drift@example.com
ryan85king,ryan85king@example.com
bob98boss,bob98boss@example.com
ava14ace,ava14ace@example.com
jack57shift,jack57shift@example.com
eva36king,eva36king@example.com
sam28flash,sam28flash@example.com
eva30zone,eva30zone@example.com
alex14shift,alex14shift@example.com
finn47soul,finn47soul@example.com
ryan24XX,ryan24XX@example.com
zoe39ace,zoe39ace@example.com
mila33best,mila33best@example.com
bob27soul,bob27soul@example.com
josh70star,josh70star@example.com
jack40ace,jack40ace@example.com
josh44ice,josh44ice@example.com
eva76love,eva76love@example.com
eva21XX,eva21XX@example.com
ava33ice,ava33ice@example.com
bob60star,bob60star@example.com
sam37soul,sam37soul@example.com
noah32king,noah32king@example.com
luna65flash,luna65flash@example.com
finn87ice,finn87ice@example.com
iris63prime,iris63prime@example.com
ryan82soul,ryan82soul@example.com
kira29boss,kira29boss@example.com
mia52star,mia52star@example.com
ava16best,ava16best@example.com
noah35hero,noah35hero@example.com
eva72pro,eva72pro@example.com
finn45zone,finn45zone@example.com
mila31zone,mila31zone@example.com
alex74ice,alex74ice@example.com
iris41prime,iris41prime@example.com
eva60star,eva60star@example.com
josh42king,josh42king@example.com
josh63prime,josh63prime@example.com
iris25best,iris25best@example.com
luna34prime,luna34prime@example.com
alex27star,alex27star@example.com
iris96edge,iris96edge@example.com
tina60prime,tina60prime@example.com
max22king,max22king@example.com
tina78edge,tina78edge@example.com
eva54ice,eva54ice@example.com
kira97zone,kira97zone@example.com
eva75void,eva75void@example.com
tina44edge,tina44edge@example.com
luna70drift,luna70drift@example.com
max90ice,max90ice@example.com
jack17drift,jack17drift@example.com
eva17flare,eva17flare@example.com
mila50zone,mila50zone@example.com
kira11hero,kira11hero@example.com
kira33best,kira33best@example.com
alex82void,alex82void@example.com
mila31prime,mila31prime@example.com
nina85shift,nina85shift@example.com
alex17soul,alex17soul@example.com
iris47best,iris47best@example.com
josh56best,josh56best@example.com
ava69flare,ava69flare@example.com
finn86edge,finn86edge@example.com
nina72void,nina72void@example.com
kira94flare,kira94flare@example.com
finn78love,finn78love@example.com
leo16flare,leo16flare@example.com
iris67pro,iris67pro@example.com
iris41ice,iris41ice@example.com
jack27prime,jack27prime@example.com
noah54soul,noah54soul@example.com
finn62love,finn62love@example.com
bob44soul,bob44soul@example.com
finn16nova,finn16nova@example.com
noah35shift,noah35shift@example.com
zoe97flare,zoe97flare@example.com
zoe36nova,zoe36nova@example.com
noah53flare,noah53flare@example.com
finn87drift,finn87drift@example.com
noah59flare,noah59flare@example.com
tina48best,tina48best@example.com
mia45pro,mia45pro@example.com
zoe17edge,zoe17edge@example.com
mila36drift,mila36drift@example.com
leo31king,leo31king@example.com
iris65hero,iris65hero@example.com
kira58king,kira58king@example.com
noah21boss,noah21boss@example.com
iris81ice,iris81ice@example.com
ryan84zone,ryan84zone@example.com
sam64boss,sam64boss@example.com
sam75drift,sam75drift@example.com
iris90XX,iris90XX@example.com
ava77prime,ava77prime@example.com
ryan16void,ryan16void@example.com
max84XX,max84XX@example.com
ava83flash,ava83flash@example.com
leo92love,leo92love@example.com
bob71flare,bob71flare@example.com
jack66boss,jack66boss@example.com
ava88boss,ava88boss@example.com
iris80edge,iris80edge@example.com
mila53ace,mila53ace@example.com
josh58drift,josh58drift@example.com
eva75pro,eva75pro@example.com
tina89nova,tina89nova@example.com
noah23nova,noah23nova@example.com
nina18star,nina18star@example.com
josh54flare,josh54flare@example.com
ryan35flash,ryan35flash@example.com
ava51prime,ava51prime@example.com
eva31king,eva31king@example.com
mila50flare,mila50flare@example.com
nina76shift,nina76shift@example.com
zoe16star,zoe16star@example.com
mia31star,mia31star@example.com
bob56boss,bob56boss@example.com
leo49best,leo49best@example.com
leo68edge,leo68edge@example.com
ava80best,ava80best@example.com
jack19prime,jack19prime@example.com
mila19zone,mila19zone@example.com
luna30ace,luna30ace@example.com
bob16shift,bob16shift@example.com
iris43edge,iris43edge@example.com
leo51soul,leo51soul@example.com
bob85boss,bob85boss@example.com
finn88ice,finn88ice@example.com
max34hero,max34hero@example.com
ava90shift,ava90shift@example.com
bob55king,bob55king@example.com
luna87ace,luna87ace@example.com
luna21flash,luna21flash@example.com
nina76star,nina76star@example.com
bob55prime,bob55prime@example.com
finn33void,finn33void@example.com
kira44ice,kira44ice@example.com
jack97pro,jack97pro@example.com
tina54flare,tina54flare@example.com
alex86best,alex86best@example.com
jack51soul,jack51soul@example.com
zoe72drift,zoe72drift@example.com
jack13ace,jack13ace@example.com
luna96XX,luna96XX@example.com
sam52boss,sam52boss@example.com
tina10ice,tina10ice@example.com
sam33king,sam33king@example.com
kira86boss,kira86boss@example.com
mia46nova,mia46nova@example.com
mia80zone,mia80zone@example.com
sam65hero,sam65hero@example.com
ava59drift,ava59drift@example.com
bob55shift,bob55shift@example.com
bob25boss,bob25boss@example.com
tina72shift,tina72shift@example.com
luna85flare,luna85flare@example.com
max20flash,max20flash@example.com
mia81hero,mia81hero@example.com
tina95ice,tina95ice@example.com
leo59flash,leo59flash@example.com
mia98pro,mia98pro@example.com
kira84flare,kira84flare@example.com
iris26king,iris26king@example.com
nina65soul,nina65soul@example.com
finn79prime,finn79prime@example.com
ava66void,ava66void@example.com
jack16ice,jack16ice@example.com
tina38hero,tina38hero@example.com
max17void,max17void@example.com
josh76king,josh76king@example.com
leo72zone,leo72zone@example.com
kira27boss,kira27boss@example.com
josh91flash,josh91flash@example.com
kira54love,kira54love@example.com
ryan70zone,ryan70zone@example.com
zoe85ice,zoe85ice@example.com
sam30ace,sam30ace@example.com
mila87prime,mila87prime@example.com
sam22flare,sam22flare@example.com
alex62zone,alex62zone@example.com
eva86nova,eva86nova@example.com
kira70boss,kira70boss@example.com
sam82love,sam82love@example.com
nina23star,nina23star@example.com
nina62XX,nina62XX@example.com
sam42void,sam42void@example.com
jack33best,jack33best@example.com
sam87pro,sam87pro@example.com
max33hero,max33hero@example.com
jack71edge,jack71edge@example.com
zoe93star,zoe93star@example.com
jack89ace,jack89ace@example.com
iris30nova,iris30nova@example.com
tina40flare,tina40flare@example.com
ava90nova,ava90nova@example.com
ava23drift,ava23drift@example.com
bob90zone,bob90zone@example.com
ryan57pro,ryan57pro@example.com
noah78star,noah78star@example.com
nina92edge,nina92edge@example.com
sam77ice,sam77ice@example.com
zoe64flash,zoe64flash@example.com
zoe33edge,zoe33edge@example.com
eva50drift,eva50drift@example.com
jack17flash,jack17flash@example.com
eva76shift,eva76shift@example.com
mia38nova,mia38nova@example.com
max92flash,max92flash@example.com
luna20flare,luna20flare@example.com
ryan38star,ryan38star@example.com
josh82drift,josh82drift@example.com
iris93prime,iris93prime@example.com
iris33flash,iris33flash@example.com
josh32boss,josh32boss@example.com
sam11ice,sam11ice@example.com
max18prime,max18prime@example.com
tina93void,tina93void@example.com
kira52flash,kira52flash@example.com
ava92pro,ava92pro@example.com
leo32drift,leo32drift@example.com
eva41hero,eva41hero@example.com
leo54soul,leo54soul@example.com
max86prime,max86prime@example.com
bob53zone,bob53zone@example.com
noah47zone,noah47zone@example.com
zoe48pro,zoe48pro@example.com
luna22zone,luna22zone@example.com
josh95prime,josh95prime@example.com
jack49XX,jack49XX@example.com
luna78XX,luna78XX@example.com
tina63edge,tina63edge@example.com
nina45hero,nina45hero@example.com
noah33soul,noah33soul@example.com
zoe71edge,zoe71edge@example.com
mila77flash,mila77flash@example.com
zoe16best,zoe16best@example.com
leo36flare,leo36flare@example.com
noah36ice,noah36ice@example.com
max65nova,max65nova@example.com
ava99ace,ava99ace@example.com
alex38zone,alex38zone@example.com
ryan89boss,ryan89boss@example.com
leo74void,leo74void@example.com
ryan45drift,ryan45drift@example.com
alex20shift,alex20shift@example.com
noah44drift,noah44drift@example.com
alex83hero,alex83hero@example.com
bob51king,bob51king@example.com
bob38boss,bob38boss@example.com
mia96shift,mia96shift@example.com
jack34pro,jack34pro@example.com
sam62XX,sam62XX@example.com
kira21drift,kira21drift@example.com
alex76star,alex76star@example.com
nina22best,nina22best@example.com
finn83soul,finn83soul@example.com
sam87shift,sam87shift@example.com
jack65hero,jack65hero@example.com
noah14king,noah14king@example.com
zoe57love,zoe57love@example.com
mia41zone,mia41zone@example.com
sam16star,sam16star@example.com
josh53best,josh53best@example.com
josh39boss,josh39boss@example.com
sam22ace,sam22ace@example.com
alex84star,alex84star@example.com
mila19best,mila19best@example.com
leo42hero,leo42hero@example.com
ava58drift,ava58drift@example.com
max92hero,max92hero@example.com
max86pro,max86pro@example.com
leo87king,leo87king@example.com
bob27ice,bob27ice@example.com
leo68soul,leo68soul@example.com
mia57XX,mia57XX@example.com
zoe54pro,zoe54pro@example.com
max55drift,max55drift@example.com
ryan66XX,ryan66XX@example.com
mila26ice,mila26ice@example.com
alex51pro,alex51pro@example.com
luna23king,luna23king@example.com
josh20love,josh20love@example.com
jack38flare,jack38flare@example.com
finn36best,finn36best@example.com
zoe83zone,zoe83zone@example.com
eva25hero,eva25hero@example.com
tina36shift,tina36shift@example.com
sam36XX,sam36XX@example.com
alex53pro,alex53pro@example.com
sam21edge,sam21edge@example.com
noah75best,noah75best@example.com
jack34king,jack34king@example.com
kira27ace,kira27ace@example.com
max95love,max95love@example.com
nina92flare,nina92flare@example.com
ryan38ace,ryan38ace@example.com
iris56king,iris56king@example.com
finn68shift,finn68shift@example.com
noah86flash,noah86flash@example.com
eva66ice,eva66ice@example.com
leo80boss,leo80boss@example.com
luna32pro,luna32pro@example.com
alex89boss,alex89boss@example.com
tina10shift,tina10shift@example.com
nina52nova,nina52nova@example.com
ryan63best,ryan63best@example.com
ava56ice,ava56ice@example.com
kira71ace,kira71ace@example.com
nina67pro,nina67pro@example.com
jack72king,jack72king@example.com
eva33ace,eva33ace@example.com
mila97XX,mila97XX@example.com
bob25hero,bob25hero@example.com
mila81flash,mila81flash@example.com
leo87ice,leo87ice@example.com
tina87shift,tina87shift@example.com
iris68nova,iris68nova@example.com
leo12love,leo12love@example.com
bob94boss,bob94boss@example.com
iris96ace,iris96ace@example.com
tina22nova,tina22nova@example.com
luna88void,luna88void@example.com
alex84pro,alex84pro@example.com
kira82pro,kira82pro@example.com
eva89best,eva89best@example.com
mia18zone,mia18zone@example.com
bob37shift,bob37shift@example.com
zoe30ice,zoe30ice@example.com
ryan66edge,ryan66edge@example.com
iris39XX,iris39XX@example.com
eva51ice,eva51ice@example.com
leo54flare,leo54flare@example.com
mia48flash,mia48flash@example.com
noah67zone,noah67zone@example.com
jack62drift,jack62drift@example.com
kira43shift,kira43shift@example.com
iris21ace,iris21ace@example.com
noah74best,noah74best@example.com
iris41best,iris41best@example.com
luna84best,luna84best@example.com
josh46nova,josh46nova@example.com
noah71best,noah71best@example.com
ryan62XX,ryan62XX@example.com
alex81flash,alex81flash@example.com
noah70zone,noah70zone@example.com
kira64soul,kira64soul@example.com
mila12void,mila12void@example.com
ava97void,ava97void@example.com
jack69best,jack69best@example.com
bob19XX,bob19XX@example.com
leo73hero,leo73hero@example.com
noah51soul,noah51soul@example.com
eva20ice,eva20ice@example.com
jack34zone,jack34zone@example.com
noah69zone,noah69zone@example.com
max76flash,max76flash@example.com
alex45flare,alex45flare@example.com
mia40drift,mia40drift@example.com
josh30pro,josh30pro@example.com
ryan91boss,ryan91boss@example.com
bob36ice,bob36ice@example.com
luna92king,luna92king@example.com
ava41hero,ava41hero@example.com
ava40XX,ava40XX@example.com
ryan15edge,ryan15edge@example.com
jack96flare,jack96flare@example.com
josh74king,josh74king@example.com
tina90soul,tina90soul@example.com
finn98void,finn98void@example.com
mila58star,mila58star@example.com
mila22love,mila22love@example.com
tina69star,tina69star@example.com
iris36ace,iris36ace@example.com
ryan63XX,ryan63XX@example.com
luna25nova,luna25nova@example.com
alex38king,alex38king@example.com
mila10edge,mila10edge@example.com
iris48hero,iris48hero@example.com
iris20prime,iris20prime@example.com
mia49shift,mia49shift@example.com
alex90edge,alex90edge@example.com
noah89ace,noah89ace@example.com
kira92star,kira92star@example.com
tina63pro,tina63pro@example.com
nina53boss,nina53boss@example.com
finn15star,finn15star@example.com
josh67soul,josh67soul@example.com
ryan82pro,ryan82pro@example.com
josh36ace,josh36ace@example.com
kira75drift,kira75drift@example.com
max13zone,max13zone@example.com
alex74shift,alex74shift@example.com
mia95shift,mia95shift@example.com
luna61boss,luna61boss@example.com
jack90soul,jack90soul@example.com
alex66zone,alex66zone@example.com
ryan66flash,ryan66flash@example.com
alex69shift,alex69shift@example.com
iris54prime,iris54prime@example.com
sam48king,sam48king@example.com
bob92best,bob92best@example.com
